estimator	min_score	mean_score	max_score	std_score	cls__criterion	cls__max_depth	cls__max_features	tfidf__use_idf	vect__ngram_range	cls__C	cls__loss	cls__alpha	cls__kernel	cls__n_estimators
SVC	0.9476	0.9652499999999999	0.9802	0.009881523161942189				False	(1, 2)	100.0			rbf	
SVC	0.9476	0.9652499999999999	0.9802	0.009881523161942189				False	(1, 2)	10.0			rbf	
SVC	0.9501	0.9649699999999999	0.9767999999999999	0.007549841057929631				True	(1, 2)	2.0			rbf	
SVC	0.9503	0.96494	0.977	0.007769839123173634				True	(1, 2)	10.0			rbf	
SVC	0.9503	0.96494	0.977	0.007769839123173634				True	(1, 2)	100.0			rbf	
SVC	0.9464	0.96487	0.9788	0.009626738803977167				False	(1, 2)	2.0			rbf	
LinearSVC	0.9450999999999999	0.9647599999999998	0.9769	0.008706342515660652				True	(1, 2)	2.0	squared_hinge			
SVC	0.9443	0.9647300000000001	0.9766	0.008612554789375821				True	(1, 2)	2.0			linear	
LinearSVC	0.9443	0.9647300000000001	0.9766	0.008612554789375821				True	(1, 2)	2.0	hinge			
LinearSVC	0.9459000000000001	0.96452	0.9763000000000001	0.008768215325823128				True	(1, 2)	1.0	squared_hinge			
LinearSVC	0.948	0.96416	0.9755	0.009033958157972649				True	(1, 2)	1.0	hinge			
SVC	0.948	0.96416	0.9755	0.00903395815797265				True	(1, 2)	1.0			linear	
LinearSVC	0.9465	0.9640500000000001	0.9753	0.008537944717553494				True	(1, 2)	0.8	squared_hinge			
LinearSVC	0.9467	0.9636699999999999	0.9752	0.008635050665745958				True	(1, 2)	0.7	squared_hinge			
LinearSVC	0.9429	0.9633700000000001	0.9762000000000001	0.008754775839506125				True	(1, 2)	10.0	squared_hinge			
SVC	0.9459000000000001	0.9632400000000001	0.9743	0.00847103299485961				True	(1, 2)	2.0			sigmoid	
SVC	0.9417	0.96316	0.9733	0.009371680745736079				False	(1, 2)	2.0			linear	
LinearSVC	0.9417	0.9631500000000001	0.9733	0.009369124825724136				False	(1, 2)	2.0	hinge			
LinearSVC	0.9417	0.9631000000000001	0.9754	0.009714936952960652				False	(1, 2)	2.0	squared_hinge			
LinearSVC	0.9462999999999999	0.96279	0.9753	0.01023097747040823				True	(1, 2)	0.8	hinge			
SVC	0.9462999999999999	0.9627800000000001	0.9753	0.010225732247619274				True	(1, 2)	0.8			linear	
LinearSVC	0.9421999999999999	0.9627799999999999	0.9756999999999999	0.008677073239289852				True	(1, 2)	100.0	squared_hinge			
LinearSVC	0.9473	0.96276	0.9739000000000001	0.008727794681361367				True	(1, 2)	0.5	squared_hinge			
LinearSVC	0.9420999999999999	0.9626500000000002	0.9752	0.00858734534067428				True	(1, 2)	10.0	hinge			
LinearSVC	0.9420999999999999	0.9626300000000001	0.9752	0.008583944314824067				True	(1, 2)	100.0	hinge			
SVC	0.9420999999999999	0.9626300000000001	0.9752	0.008594655315950736				True	(1, 2)	10.0			linear	
SVC	0.9420999999999999	0.9626300000000001	0.9752	0.008579516303382157				True	(1, 2)	100.0			linear	
LinearSVC	0.9427000000000001	0.9625200000000002	0.9749	0.00965254370619473				False	(1, 2)	1.0	squared_hinge			
SVC	0.9501999999999999	0.9623099999999999	0.974	0.008535391027949467				True	(1, 2)	1.0			rbf	
SVC	0.9427	0.9620500000000002	0.9739	0.011210285455776754				True	(1, 2)	1.0			sigmoid	
LinearSVC	0.9428	0.962	0.9742999999999999	0.009684936757666506				False	(1, 2)	0.8	squared_hinge			
SVC	0.9442999999999999	0.96193	0.9741	0.010589527845942918				True	(1, 2)	0.7			linear	
LinearSVC	0.9442999999999999	0.9619199999999999	0.9741	0.010580151227652677				True	(1, 2)	0.7	hinge			
LinearSVC	0.9426000000000001	0.9617899999999999	0.9743999999999999	0.009828982653357316				False	(1, 2)	0.7	squared_hinge			
SVC	0.9458	0.9613900000000001	0.9788	0.011248595467879518				False	(1, 2)	1.0			rbf	
LinearSVC	0.9388	0.9613799999999999	0.9742000000000001	0.009964818111736932				False	(1, 2)	10.0	squared_hinge			
SVC	0.9445000000000001	0.96093	0.9738	0.01034833803081438				False	(1, 2)	1.0			linear	
LinearSVC	0.9443999999999999	0.9609	0.9738	0.01035412961093302				False	(1, 2)	1.0	hinge			
SVC	0.9408	0.96089	0.9728	0.011735284402177895				True	(1, 2)	0.8			sigmoid	
LinearSVC	0.9432	0.96072	0.9732000000000001	0.010031929026862169				False	(1, 2)	0.5	squared_hinge			
LinearSVC	0.937	0.96035	0.9727	0.010088433971633058				False	(1, 2)	10.0	hinge			
SVC	0.937	0.9603400000000001	0.9727	0.010092789505384522				False	(1, 2)	10.0			linear	
SVC	0.9421999999999999	0.9600899999999999	0.9773	0.010765077798139684				False	(1, 1)	2.0			rbf	
SVC	0.9426000000000001	0.9599400000000001	0.9765	0.010570449375499603				False	(1, 1)	10.0			rbf	
SVC	0.9426000000000001	0.9599400000000001	0.9765	0.010570449375499603				False	(1, 1)	100.0			rbf	
SVC	0.9396	0.95993	0.9721	0.011959101136791179				True	(1, 2)	0.7			sigmoid	
SVC	0.9439	0.95932	0.9709	0.009716048579540969				True	(1, 2)	0.8			rbf	
LinearSVC	0.9371	0.9591899999999999	0.9725	0.009956048412899576				False	(1, 2)	100.0	squared_hinge			
SVC	0.9407000000000001	0.9591899999999999	0.9727	0.011142212527141987				False	(1, 2)	0.8			linear	
LinearSVC	0.9407000000000001	0.9591800000000001	0.9725999999999999	0.01113452289054181				False	(1, 2)	0.8	hinge			
SVC	0.9391	0.9591099999999999	0.9714999999999999	0.01172275138352765				True	(1, 2)	0.5			linear	
LinearSVC	0.9391	0.9591099999999999	0.9714999999999999	0.011722751383527661				True	(1, 2)	0.5	hinge			
SVC	0.937	0.95882	0.9724	0.009976452275232911				False	(1, 2)	100.0			linear	
LinearSVC	0.937	0.95877	0.9723	0.009961531006828221				False	(1, 2)	100.0	hinge			
SVC	0.9414	0.9586300000000001	0.9670000000000001	0.008927603261794289				False	(1, 2)	2.0			sigmoid	
LinearSVC	0.9427000000000001	0.9584700000000002	0.9688	0.009681947118219545				True	(1, 2)	0.2	squared_hinge			
LinearSVC	0.9400000000000001	0.95832	0.9722999999999999	0.011349431703834323				False	(1, 2)	0.7	hinge			
SVC	0.9400000000000001	0.9583	0.9722999999999999	0.011321307345002153				False	(1, 2)	0.7			linear	
SVC	0.939	0.9581100000000001	0.9767	0.012153801874310756				False	(1, 2)	0.8			rbf	
SVC	0.9406	0.9578300000000001	0.9692	0.01023641050368731				True	(1, 2)	0.7			rbf	
SVC	0.9376	0.9578199999999999	0.9758	0.011204624045455506				False	(1, 1)	100.0			poly	
SVC	0.9376	0.9578199999999999	0.9758	0.011204624045455506				False	(1, 1)	10.0			poly	
SVC	0.9375	0.9577899999999999	0.9762000000000001	0.012450096385169083				False	(1, 1)	1.0			rbf	
SVC	0.9370999999999999	0.9574	0.9754	0.01109963963378996				False	(1, 1)	2.0			poly	
SVC	0.9369000000000001	0.9571800000000001	0.9697	0.01107030261555661				False	(1, 2)	1.0			sigmoid	
SVC	0.9382	0.9569700000000001	0.9741	0.01071905312982447				False	(1, 1)	1.0			poly	
SVC	0.9406	0.95688	0.9718	0.009998479884462444				True	(1, 1)	2.0			rbf	
SVC	0.9408	0.95676	0.9703999999999999	0.009919899193036194				True	(1, 1)	10.0			rbf	
SVC	0.9408	0.95676	0.9703999999999999	0.009919899193036194				True	(1, 1)	100.0			rbf	
SVC	0.9331	0.95662	0.9691	0.012937681399694463				True	(1, 2)	0.5			sigmoid	
SVC	0.9364	0.9564999999999999	0.9722999999999999	0.01227648158064843				True	(1, 1)	1.0			rbf	
SVC	0.9432	0.95647	0.9765999999999999	0.010611979080265828				False	(1, 2)	2.0			poly	
SVC	0.9432	0.9563999999999998	0.9765999999999999	0.010546658238513255				False	(1, 2)	10.0			poly	
SVC	0.9432	0.9563999999999998	0.9765999999999999	0.010546658238513255				False	(1, 2)	100.0			poly	
SVC	0.9376	0.9560699999999999	0.973	0.01093627450277286				False	(1, 1)	0.8			poly	
RandomForestClassifier	0.9439500000000001	0.9558800000000002	0.9705	0.00836263116489063	gini		log2	False	(1, 1)					150
RandomForestClassifier	0.9416	0.95579	0.9692500000000001	0.009782658125479007	entropy		log2	True	(1, 1)					150
SVC	0.9317000000000001	0.95573	0.9745	0.013827657068353967				False	(1, 1)	0.8			rbf	
SVC	0.9356	0.9557299999999997	0.9747	0.012998542225957505				False	(1, 2)	0.7			rbf	
SVC	0.9333999999999999	0.9557100000000001	0.9686999999999999	0.012164740030103392				False	(1, 2)	0.8			sigmoid	
SVC	0.9408000000000001	0.9555400000000001	0.9718	0.010574138262761655				False	(1, 2)	1.0			poly	
SVC	0.9325	0.9553899999999999	0.9707	0.013048406032922179				True	(1, 1)	0.8			rbf	
RandomForestClassifier	0.9446	0.9553799999999999	0.9680500000000001	0.00863644023889474	entropy		log2	True	(1, 1)					100
RandomForestClassifier	0.94365	0.9553649999999999	0.9686	0.008044471704220247	gini		log2	False	(1, 2)					150
RandomForestClassifier	0.9430499999999999	0.95512	0.97085	0.009129490675826354	entropy		10	True	(1, 1)					150
RandomForestClassifier	0.9410999999999999	0.955105	0.968	0.009057578318734003	entropy		10	False	(1, 2)					150
SVC	0.9366	0.95502	0.9714	0.01098214915214687				False	(1, 1)	0.7			poly	
SVC	0.9323	0.9550000000000001	0.968	0.012564394135810916				False	(1, 2)	0.7			sigmoid	
RandomForestClassifier	0.9419500000000001	0.9548850000000002	0.97285	0.010033669568009504	gini		10	False	(1, 2)					100
RandomForestClassifier	0.9393	0.95475	0.9711500000000001	0.01027112457328798	entropy		10	False	(1, 1)					80
LinearSVC	0.9318	0.95472	0.97	0.013063751375466396				False	(1, 2)	0.5	hinge			
SVC	0.9318	0.9547100000000001	0.97	0.01303260910178772				False	(1, 2)	0.5			linear	
LinearSVC	0.9349000000000001	0.9547000000000001	0.9684	0.011866928836055227				False	(1, 2)	0.2	squared_hinge			
RandomForestClassifier	0.93615	0.9546899999999999	0.9697	0.01083909129032503	entropy		log2	False	(1, 1)					150
RandomForestClassifier	0.9434	0.9546050000000001	0.9665	0.008540680593489017	gini		10	True	(1, 1)					150
RandomForestClassifier	0.94315	0.9545999999999999	0.96585	0.008444968916461416	entropy		log2	True	(1, 2)					150
RandomForestClassifier	0.9409000000000001	0.95455	0.9682	0.010493259741376807	gini		log2	False	(1, 1)					80
RandomForestClassifier	0.9373	0.9545250000000001	0.96875	0.01129701841195277	entropy		10	False	(1, 1)					100
RandomForestClassifier	0.94355	0.954495	0.9678	0.008967732433564236	entropy		10	False	(1, 1)					150
RandomForestClassifier	0.94205	0.954495	0.9687500000000001	0.010022560800514004	gini		10	False	(1, 1)					150
RandomForestClassifier	0.9378	0.954485	0.9676	0.009740406819019425	entropy		10	False	(1, 2)					80
RandomForestClassifier	0.9390499999999999	0.95447	0.968	0.009594977853022922	entropy		log2	False	(1, 2)					150
RandomForestClassifier	0.9342499999999999	0.954355	0.9672499999999999	0.010526786071731473	entropy		10	False	(1, 2)					100
SVC	0.9301	0.9542900000000001	0.9698	0.013307400196882917				True	(1, 1)	0.7			rbf	
SVC	0.9297000000000001	0.9542000000000002	0.9736	0.014157895323811369				False	(1, 1)	0.7			rbf	
RandomForestClassifier	0.9350999999999999	0.95419	0.9700000000000001	0.011635286846485585	gini		sqrt	False	(1, 2)					100
RandomForestClassifier	0.93765	0.9541449999999999	0.9648	0.00881562391439199	gini		sqrt	True	(1, 1)					150
RandomForestClassifier	0.9387	0.954115	0.96875	0.009438989617538513	gini		10	False	(1, 1)					80
RandomForestClassifier	0.94015	0.954045	0.9676	0.009084036822910839	entropy		log2	False	(1, 2)					100
RandomForestClassifier	0.9423499999999999	0.9539199999999999	0.9634	0.008213561955692544	gini		log2	True	(1, 1)					150
RandomForestClassifier	0.9358	0.953915	0.9671	0.010485371953345292	gini		sqrt	False	(1, 1)					150
RandomForestClassifier	0.9376500000000001	0.9538599999999999	0.9661000000000001	0.009810168194276781	entropy		10	True	(1, 1)					100
RandomForestClassifier	0.9397999999999999	0.95375	0.96455	0.009446639614169696	gini		10	False	(1, 2)					150
RandomForestClassifier	0.9399	0.95374	0.971	0.010633292058436106	gini		10	True	(1, 1)					100
RandomForestClassifier	0.9403	0.9536750000000002	0.9658500000000001	0.009499927631303305	gini		10	False	(1, 1)					100
RandomForestClassifier	0.9385499999999999	0.95366	0.96585	0.009502625952861679	entropy		sqrt	False	(1, 1)					150
SVC	0.9371	0.9535899999999999	0.9648	0.008699706891614225				True	(1, 2)	10.0			sigmoid	
RandomForestClassifier	0.9395	0.9535549999999999	0.96605	0.00954380558268032	gini		log2	False	(1, 2)					100
SVC	0.9329999999999999	0.9535199999999999	0.9653999999999999	0.011057739371137321				True	(1, 2)	0.5			rbf	
RandomForestClassifier	0.93845	0.953505	0.9693499999999999	0.010971518810082747	entropy		auto	False	(1, 1)					150
SVC	0.937	0.95346	0.9691000000000001	0.01112377633719772				False	(1, 2)	0.8			poly	
RandomForestClassifier	0.9373500000000001	0.953445	0.9649500000000001	0.01049546211464744	entropy		10	True	(1, 2)					100
RandomForestClassifier	0.9391999999999999	0.953435	0.9691000000000001	0.010502857944388311	entropy		sqrt	False	(1, 2)					150
RandomForestClassifier	0.9355	0.953415	0.9645	0.008797387396267162	gini		10	True	(1, 2)					150
RandomForestClassifier	0.9429500000000001	0.9534100000000001	0.9613	0.0074109648494646175	gini		log2	True	(1, 2)					150
RandomForestClassifier	0.9326	0.9533800000000001	0.96785	0.011480270031667399	gini		auto	False	(1, 2)					80
RandomForestClassifier	0.9399000000000001	0.9533799999999999	0.9709	0.009795284579837379	entropy		log2	False	(1, 1)					100
RandomForestClassifier	0.9323499999999999	0.953355	0.9694499999999999	0.012650562240469782	gini		auto	False	(1, 2)					150
RandomForestClassifier	0.9328500000000001	0.9532950000000001	0.96755	0.011106674794914978	entropy		auto	False	(1, 2)					150
RandomForestClassifier	0.9369000000000001	0.9531550000000001	0.96425	0.008134047270578171	entropy		10	True	(1, 2)					150
RandomForestClassifier	0.9372	0.953125	0.9663	0.009326688855108239	entropy		auto	True	(1, 1)					100
RandomForestClassifier	0.92955	0.9530799999999999	0.9665500000000001	0.012156874598349712	gini		sqrt	False	(1, 2)					150
RandomForestClassifier	0.9342	0.9530799999999999	0.96675	0.010326572519476157	entropy		sqrt	True	(1, 2)					150
RandomForestClassifier	0.9317	0.95307	0.9647	0.010335598676419302	gini		auto	True	(1, 1)					80
RandomForestClassifier	0.9341	0.95304	0.9661	0.01106489493849803	gini		auto	True	(1, 1)					100
RandomForestClassifier	0.9361999999999999	0.9529549999999999	0.9682499999999999	0.01227229501764034	gini		10	False	(1, 2)					80
RandomForestClassifier	0.9414	0.9529099999999999	0.96575	0.008220608250001947	entropy		10	True	(1, 2)					80
RandomForestClassifier	0.93565	0.9528549999999999	0.9682000000000001	0.011929552590101611	gini		auto	False	(1, 2)					100
RandomForestClassifier	0.9445	0.9528399999999999	0.96535	0.007050560261426049	entropy		log2	True	(1, 2)					80
RandomForestClassifier	0.93105	0.95282	0.9732999999999999	0.012474077120172034	gini		auto	False	(1, 1)					100
RandomForestClassifier	0.94095	0.95281	0.9665499999999999	0.00957206351838514	gini		10	True	(1, 2)					100
RandomForestClassifier	0.93515	0.9527199999999999	0.9692	0.011180903362430059	gini		auto	False	(1, 1)					150
RandomForestClassifier	0.92495	0.9527150000000002	0.97195	0.014673531442703216	entropy		auto	False	(1, 2)					80
RandomForestClassifier	0.9366500000000001	0.9527050000000001	0.9689	0.009860513424766465	gini		sqrt	True	(1, 1)					100
RandomForestClassifier	0.93165	0.9527050000000001	0.96565	0.010349165425289124	entropy		sqrt	False	(1, 2)					100
RandomForestClassifier	0.93565	0.9526850000000001	0.9629	0.008947067955481289	entropy		log2	False	(1, 2)					80
MultinomialNB	0.9401999999999999	0.9526200000000001	0.9601	0.005688549903094827				False	(1, 2)			0.01		
RandomForestClassifier	0.9361	0.952595	0.9675	0.011065248528614258	gini		sqrt	False	(1, 1)					100
RandomForestClassifier	0.9325	0.95257	0.96575	0.010660351776559723	gini		auto	True	(1, 2)					150
RandomForestClassifier	0.9314	0.95253	0.9675	0.010727679152547385	entropy		auto	True	(1, 1)					150
RandomForestClassifier	0.93765	0.95251	0.96935	0.011692707128804694	gini		log2	True	(1, 1)					100
RandomForestClassifier	0.9312499999999999	0.9524299999999999	0.9656999999999999	0.010835663339177725	entropy		10	True	(1, 1)					80
RandomForestClassifier	0.9385499999999999	0.9524199999999998	0.9651	0.009578862145369873	gini		auto	True	(1, 1)					150
RandomForestClassifier	0.9307500000000001	0.9523800000000001	0.9633499999999999	0.010212056599921478	entropy		auto	True	(1, 2)					150
RandomForestClassifier	0.9412	0.9523699999999999	0.9591500000000001	0.005553971551961718	entropy		log2	True	(1, 2)					100
RandomForestClassifier	0.9376	0.9523699999999999	0.9702	0.010364945730682808	gini		log2	False	(1, 1)					100
RandomForestClassifier	0.9349999999999999	0.9523550000000001	0.96585	0.009728397863985633	entropy		auto	True	(1, 2)					80
RandomForestClassifier	0.9319999999999999	0.9523400000000001	0.9702	0.011222628925523646	entropy		sqrt	False	(1, 2)					80
RandomForestClassifier	0.9329000000000001	0.952225	0.9651	0.009518436058512951	entropy		sqrt	True	(1, 1)					100
RandomForestClassifier	0.9387000000000001	0.95222	0.96345	0.007513228334078493	gini		10	True	(1, 2)					80
RandomForestClassifier	0.9278500000000001	0.9521999999999998	0.9684	0.012535350015057406	entropy		auto	False	(1, 2)					100
RandomForestClassifier	0.9371000000000002	0.9521899999999999	0.9624499999999999	0.008963364323734664	entropy		sqrt	False	(1, 1)					100
SVC	0.941	0.9521799999999999	0.9625	0.006192220926291333				True	(1, 2)	1.0			poly	
RandomForestClassifier	0.93575	0.9521649999999999	0.9642000000000001	0.010315402318862832	entropy		sqrt	True	(1, 2)					100
RandomForestClassifier	0.93375	0.9521600000000001	0.96765	0.011538669767351887	entropy		auto	False	(1, 1)					100
RandomForestClassifier	0.93645	0.9521	0.9681	0.010675228334794512	entropy		auto	False	(1, 1)					80
RandomForestClassifier	0.93845	0.9520900000000001	0.96465	0.009943887569758631	gini		log2	True	(1, 2)					80
RandomForestClassifier	0.93325	0.95206	0.9665	0.010780881225577046	gini		sqrt	True	(1, 2)					150
RandomForestClassifier	0.9393499999999999	0.9520200000000001	0.96565	0.00722330256877005	gini		log2	True	(1, 2)					100
SVC	0.9413	0.9520199999999999	0.9604	0.006468508328818945				True	(1, 2)	10.0			poly	
SVC	0.9413	0.9520199999999999	0.9604	0.006468508328818945				True	(1, 2)	100.0			poly	
SVC	0.9412	0.952	0.9603999999999999	0.006510913914344115				True	(1, 2)	2.0			poly	
RandomForestClassifier	0.93765	0.9519949999999999	0.9677500000000001	0.008741437238806918	gini		log2	True	(1, 1)					80
RandomForestClassifier	0.9360000000000002	0.95192	0.9636	0.008691553370945819	entropy		log2	False	(1, 2)					40
RandomForestClassifier	0.9289000000000001	0.95192	0.9675	0.011470313857955222	gini		sqrt	False	(1, 2)					80
SVC	0.9390000000000001	0.95191	0.9637	0.006594308151732062				True	(1, 2)	0.8			poly	
SVC	0.9359999999999999	0.9518799999999998	0.9672999999999999	0.011318109382754706				False	(1, 2)	0.7			poly	
RandomForestClassifier	0.9369999999999999	0.9518449999999999	0.96315	0.007853102889941031	entropy		log2	False	(1, 1)					40
RandomForestClassifier	0.93775	0.95184	0.9704499999999999	0.009888068567723422	entropy		10	False	(1, 2)					40
RandomForestClassifier	0.93945	0.9517650000000002	0.9623999999999999	0.007759383029597132	gini		log2	False	(1, 2)					80
RandomForestClassifier	0.93445	0.9517449999999998	0.9679	0.011113582905616	entropy		sqrt	False	(1, 1)					80
RandomForestClassifier	0.93805	0.951725	0.9680500000000001	0.010311140819521366	entropy		sqrt	True	(1, 1)					80
RandomForestClassifier	0.93935	0.9517050000000001	0.9637	0.008054950341249804	entropy		log2	False	(1, 1)					80
SVC	0.9390999999999999	0.9517	0.9631000000000001	0.006627971031922246				True	(1, 2)	0.7			poly	
RandomForestClassifier	0.93425	0.9516749999999998	0.9624499999999999	0.008300368967702558	gini		auto	True	(1, 1)					40
RandomForestClassifier	0.9366	0.9516500000000001	0.9643999999999999	0.00987165133095771	entropy		sqrt	True	(1, 1)					150
RandomForestClassifier	0.9377	0.95157	0.9669	0.010190907712269793	gini		sqrt	True	(1, 2)					100
RandomForestClassifier	0.9338000000000001	0.951545	0.9655	0.011522184037759516	entropy		auto	True	(1, 2)					100
RandomForestClassifier	0.9355	0.9512500000000002	0.9677999999999999	0.011264346408025596	gini		auto	True	(1, 2)					100
RandomForestClassifier	0.9315500000000001	0.951225	0.96715	0.012062218908641972	entropy		auto	True	(1, 1)					80
RandomForestClassifier	0.93245	0.95116	0.9630500000000001	0.009801576403824052	gini		log2	False	(1, 2)					40
RandomForestClassifier	0.93605	0.951145	0.97055	0.011420276923087277	gini		sqrt	True	(1, 1)					80
RandomForestClassifier	0.9373499999999999	0.9510149999999999	0.96655	0.010532878286584361	entropy		log2	True	(1, 1)					80
RandomForestClassifier	0.9341	0.950985	0.9700000000000001	0.012512055186898772	entropy		auto	True	(1, 2)					40
RandomForestClassifier	0.9342000000000001	0.9509500000000001	0.96585	0.010008546347996765	gini		auto	True	(1, 2)					80
RandomForestClassifier	0.9314	0.95095	0.9726999999999999	0.010731682067597777	gini		log2	False	(1, 1)					40
SVC	0.9313	0.95091	0.9678	0.011757163773631804				False	(1, 1)	0.5			poly	
RandomForestClassifier	0.93245	0.9507200000000001	0.9684999999999999	0.01198551625921886	gini		sqrt	False	(1, 1)					80
RandomForestClassifier	0.9368	0.950695	0.9698	0.010272011730912318	gini		10	True	(1, 1)					80
RandomForestClassifier	0.9314499999999999	0.9506349999999999	0.9635499999999999	0.010169932398988722	gini		sqrt	False	(1, 1)					40
RandomForestClassifier	0.9316	0.9505950000000001	0.9626	0.010822972096425267	entropy		sqrt	True	(1, 2)					80
SVC	0.9258	0.95056	0.9652999999999999	0.013734132662822236				False	(1, 2)	0.5			sigmoid	
RandomForestClassifier	0.9295	0.9505399999999999	0.96825	0.012022266841157704	gini		auto	False	(1, 2)					40
SVC	0.9248999999999999	0.95045	0.9671	0.014182189534765062				True	(1, 1)	0.5			rbf	
RandomForestClassifier	0.93275	0.950445	0.9675	0.011069314567758944	gini		auto	False	(1, 1)					80
MultinomialNB	0.9347	0.9504399999999998	0.9595	0.006861661606345784				True	(1, 2)			0.01		
SVC	0.9388	0.95035	0.9636	0.007207808266040378				True	(1, 2)	0.5			poly	
SVC	0.9326000000000001	0.95016	0.9634999999999999	0.009792364372305549				True	(1, 1)	10.0			poly	
SVC	0.9326000000000001	0.95016	0.9634999999999999	0.009792364372305549				True	(1, 1)	100.0			poly	
SVC	0.9238999999999999	0.95014	0.9672	0.013729836124295151				True	(1, 1)	0.8			linear	
LinearSVC	0.9238999999999999	0.95013	0.9672	0.013757183578043881				True	(1, 1)	0.8	hinge			
LinearSVC	0.9304	0.9500400000000001	0.965	0.011789673447555708				True	(1, 1)	0.5	squared_hinge			
RandomForestClassifier	0.9369999999999999	0.9499299999999999	0.963	0.008020261841112167	gini		sqrt	True	(1, 1)					40
SVC	0.9325000000000001	0.9499299999999999	0.9632999999999999	0.00966561431053397				True	(1, 1)	2.0			poly	
RandomForestClassifier	0.9282999999999999	0.949905	0.9652	0.012350535413495243	entropy		auto	False	(1, 2)					40
SVC	0.926	0.94976	0.9689	0.014365667405310473				False	(1, 2)	0.5			rbf	
SVC	0.922	0.9497399999999999	0.9673999999999999	0.014595629482828065				True	(1, 1)	0.7			linear	
SVC	0.9225	0.9497300000000001	0.9695	0.015337147713965594				False	(1, 1)	0.5			rbf	
LinearSVC	0.9221000000000001	0.94973	0.9672999999999999	0.014551429483043903				True	(1, 1)	0.7	hinge			
SVC	0.9301999999999999	0.9497099999999999	0.9622	0.009629169226885573				True	(1, 1)	0.8			poly	
RandomForestClassifier	0.92815	0.9496499999999999	0.96615	0.012525933098975085	entropy		sqrt	False	(1, 1)					40
MultinomialNB	0.9359999999999999	0.9495899999999999	0.9575	0.006345462946074154				False	(1, 2)			0.001		
SVC	0.9244	0.9495700000000001	0.966	0.012982761647661866				True	(1, 1)	1.0			linear	
LinearSVC	0.9244	0.94956	0.966	0.012991320179258142				True	(1, 1)	1.0	hinge			
RandomForestClassifier	0.9220499999999999	0.949495	0.9693499999999999	0.01334661848559403	entropy		sqrt	False	(1, 2)					40
RandomForestClassifier	0.9279000000000001	0.9494750000000002	0.96725	0.011864742938639681	gini		sqrt	False	(1, 2)					40
SVC	0.93	0.94947	0.9628	0.009610936478824527				True	(1, 1)	1.0			poly	
SVC	0.9286000000000001	0.94931	0.9621999999999999	0.010048726287445568				True	(1, 1)	0.7			poly	
RandomForestClassifier	0.9358000000000001	0.94923	0.9643999999999999	0.00911924338966778	gini		10	True	(1, 2)					40
RandomForestClassifier	0.9301	0.9492200000000001	0.9662499999999999	0.010795049791455317	gini		sqrt	True	(1, 2)					80
LinearSVC	0.9292999999999999	0.9492099999999999	0.9645	0.011821205522280751				True	(1, 1)	0.7	squared_hinge			
LinearSVC	0.9273	0.94899	0.9638	0.012800113280748742				True	(1, 1)	0.2	squared_hinge			
LinearSVC	0.9297	0.9488599999999998	0.9617	0.011726312293300052				False	(1, 1)	0.5	squared_hinge			
RandomForestClassifier	0.9353	0.94879	0.96935	0.00991109983806036	entropy		auto	False	(1, 1)					40
LinearSVC	0.9299999999999999	0.94879	0.963	0.011620107572651823				True	(1, 1)	0.8	squared_hinge			
LinearSVC	0.9302999999999999	0.9487499999999999	0.9622999999999999	0.011533277938209952				False	(1, 1)	0.7	squared_hinge			
LinearSVC	0.9296	0.9485199999999999	0.9623	0.011592566583807041				False	(1, 1)	0.8	squared_hinge			
SVC	0.9306	0.9484299999999999	0.9652999999999999	0.012120070131810295				False	(1, 2)	0.5			poly	
RandomForestClassifier	0.92535	0.948345	0.9641	0.012951533692964685	gini		10	False	(1, 2)					40
LinearSVC	0.9199999999999999	0.94834	0.9667	0.015787792752630123				True	(1, 1)	0.5	hinge			
SVC	0.9199999999999999	0.9483	0.9667	0.015793606301285346				True	(1, 1)	0.5			linear	
RandomForestClassifier	0.92625	0.9482250000000001	0.96905	0.011364577642833856	gini		10	False	(1, 1)					40
RandomForestClassifier	0.9234000000000001	0.9480949999999998	0.9603499999999999	0.012276429651979419	gini		sqrt	True	(1, 2)					40
LinearSVC	0.9282	0.9479599999999999	0.9610000000000001	0.011404490343719898				False	(1, 1)	1.0	squared_hinge			
RandomForestClassifier	0.92785	0.94795	0.9619	0.011489147052762449	gini		log2	True	(1, 1)					40
LinearSVC	0.9268000000000001	0.9479200000000001	0.964	0.012391916720184963				False	(1, 1)	1.0	hinge			
SVC	0.9268000000000001	0.94788	0.9639	0.012337649695140469				False	(1, 1)	1.0			linear	
LinearSVC	0.9292	0.9478500000000001	0.9624	0.011505151020303916				True	(1, 1)	1.0	squared_hinge			
RandomForestClassifier	0.93135	0.94779	0.9641	0.008516478145336834	entropy		log2	True	(1, 2)					40
RandomForestClassifier	0.9308000000000001	0.9476600000000002	0.9628	0.008863148424798035	entropy		sqrt	True	(1, 1)					40
SVC	0.925	0.94762	0.9633	0.01269210778397345				False	(1, 1)	0.8			linear	
LinearSVC	0.9248999999999999	0.9475999999999999	0.9633	0.012774036167163499				False	(1, 1)	0.8	hinge			
RandomForestClassifier	0.921	0.9475049999999999	0.9690500000000001	0.014745447602565355	gini		auto	False	(1, 1)					40
RandomForestClassifier	0.9167000000000001	0.9475	0.9652999999999999	0.013627765774329977	entropy		sqrt	True	(1, 2)					40
SVC	0.9194	0.94734	0.9639	0.014646310115520584				True	(1, 2)	0.2			linear	
LinearSVC	0.9194	0.94732	0.9639	0.014640614741191731				True	(1, 2)	0.2	hinge			
RandomForestClassifier	0.93045	0.947245	0.95925	0.01006430449658593	entropy		10	True	(1, 1)					40
LinearSVC	0.9233	0.94716	0.9635	0.013129219321802792				False	(1, 1)	0.7	hinge			
LinearSVC	0.9277000000000001	0.94711	0.9601000000000001	0.011322583627423565				False	(1, 1)	2.0	hinge			
SVC	0.9231	0.9471000000000002	0.9635	0.013131565024779024				False	(1, 1)	0.7			linear	
SVC	0.9277000000000001	0.9471	0.9601000000000001	0.011328106637916155				False	(1, 1)	2.0			linear	
RandomForestClassifier	0.9324499999999999	0.946985	0.96425	0.01069205429279147	entropy		auto	True	(1, 1)					40
SVC	0.9236000000000001	0.9469100000000001	0.9601999999999999	0.011741929143032643				True	(1, 1)	0.5			poly	
SVC	0.9187	0.9469	0.9651000000000001	0.015717315292377403				True	(1, 1)	0.8			sigmoid	
RandomForestClassifier	0.9320499999999999	0.94682	0.9574	0.007507802607953954	gini		10	True	(1, 1)					40
RandomForestClassifier	0.935	0.9467299999999998	0.9538	0.0062786224603809246	gini		log2	True	(1, 2)					40
SVC	0.9292000000000001	0.94658	0.9604	0.011019600718719352				False	(1, 2)	10.0			sigmoid	
SVC	0.9166	0.94649	0.9647	0.01617358649156088				True	(1, 1)	0.7			sigmoid	
SVC	0.92	0.9464500000000001	0.9651	0.014289594115999232				True	(1, 1)	1.0			sigmoid	
RandomForestClassifier	0.9260499999999999	0.94643	0.9626	0.009951612934595103	entropy		10	True	(1, 2)					40
SVC	0.9331999999999999	0.9462300000000001	0.9601	0.008026960819637783				True	(1, 2)	0.2			poly	
MultinomialNB	0.9257	0.9460899999999999	0.9601	0.010046337641150614				True	(1, 2)			1.0		
LinearSVC	0.923	0.9457799999999998	0.9609	0.013021351696348557				False	(1, 1)	0.2	squared_hinge			
RandomForestClassifier	0.93085	0.9454699999999999	0.9541999999999999	0.009151453436476645	entropy		log2	True	(1, 1)					40
MultinomialNB	0.9307	0.9454499999999999	0.9540000000000001	0.006966670653906375				True	(1, 2)			0.001		
SVC	0.9154000000000001	0.94543	0.9618	0.015155662308193586				True	(1, 2)	0.2			sigmoid	
SVC	0.9258	0.9453599999999998	0.961	0.011374198872887703				True	(1, 1)	2.0			linear	
LinearSVC	0.9258	0.9453599999999998	0.961	0.011365315657736918				True	(1, 1)	2.0	hinge			
SVC	0.9155	0.94513	0.9655	0.0169227686860041				True	(1, 1)	0.5			sigmoid	
LinearSVC	0.9228	0.94478	0.957	0.010862577962896294				False	(1, 1)	2.0	squared_hinge			
RandomForestClassifier	0.93045	0.944665	0.96285	0.010860549019271536	gini		auto	True	(1, 2)					40
RandomForestClassifier	0.9228999999999999	0.9445600000000001	0.9652000000000001	0.013188419162280253	entropy			False	(1, 2)					150
LinearSVC	0.9186	0.9444799999999999	0.9624	0.014920643417761862				False	(1, 1)	0.5	hinge			
SVC	0.9185	0.94444	0.9623	0.014888801160603909				False	(1, 1)	0.5			linear	
LinearSVC	0.9237	0.9443199999999999	0.9590000000000001	0.011467240295729408				True	(1, 1)	2.0	squared_hinge			
RandomForestClassifier	0.9226	0.9441949999999999	0.9616999999999999	0.014030403593624792	entropy			False	(1, 2)					80
RandomForestClassifier	0.92345	0.94403	0.9609	0.011587260245631847	entropy		10	False	(1, 1)					40
RandomForestClassifier	0.9257500000000001	0.9439800000000002	0.96755	0.011910881579463389	entropy			True	(1, 1)					150
RandomForestClassifier	0.92495	0.94388	0.9648500000000001	0.013383015355292724	entropy			False	(1, 2)					100
RandomForestClassifier	0.9216499999999999	0.9436450000000001	0.96395	0.012192568433271161	entropy			True	(1, 2)					100
RandomForestClassifier	0.9264	0.9434400000000001	0.9642999999999999	0.011028118606543888	entropy			True	(1, 2)					150
RandomForestClassifier	0.9275499999999999	0.943195	0.96785	0.011854797552046187	entropy			True	(1, 1)					80
RandomForestClassifier	0.9246	0.9431099999999999	0.96285	0.011313681982449383	entropy			False	(1, 1)					150
RandomForestClassifier	0.92625	0.9430799999999999	0.9648	0.011998504073425153	gini			False	(1, 2)					150
RandomForestClassifier	0.92655	0.942915	0.96565	0.012180189858947208	gini			False	(1, 2)					100
RandomForestClassifier	0.9251999999999999	0.942355	0.9670000000000001	0.012587463008883108	entropy			True	(1, 1)					100
RandomForestClassifier	0.9217	0.942305	0.9617	0.013864332836454846	entropy			False	(1, 2)					40
RandomForestClassifier	0.9244	0.9422550000000001	0.9644999999999999	0.011722893200912467	gini			False	(1, 1)					150
RandomForestClassifier	0.9241999999999999	0.94224	0.9673	0.012795307733696777	gini			False	(1, 2)					80
RandomForestClassifier	0.9289499999999999	0.9422	0.9667	0.011337945140103636	gini			True	(1, 1)					150
RandomForestClassifier	0.92305	0.94209	0.9627	0.011849784808172663	entropy			False	(1, 1)					100
SVC	0.9189999999999999	0.9419299999999999	0.9556	0.012787341396865883				True	(1, 1)	0.2			poly	
SVC	0.9179999999999999	0.94176	0.9614	0.013686723493955772				True	(1, 1)	2.0			sigmoid	
RandomForestClassifier	0.9221	0.9413450000000001	0.96285	0.012235183897269368	entropy			False	(1, 1)					80
LinearSVC	0.9096	0.9412999999999998	0.9638	0.01776260116086604				True	(1, 1)	0.2	hinge			
SVC	0.9095	0.9412399999999999	0.9638	0.0177617679300232				True	(1, 1)	0.2			linear	
RandomForestClassifier	0.9275000000000001	0.94112	0.9652	0.011291970598615617	gini			False	(1, 2)					40
RandomForestClassifier	0.9157500000000001	0.94105	0.9675	0.013527176349852182	entropy			True	(1, 2)					80
RandomForestClassifier	0.92245	0.94069	0.96225	0.011294662456222427	entropy			True	(1, 2)					40
RandomForestClassifier	0.9293	0.9405700000000001	0.9667	0.011339999999999987	gini			True	(1, 1)					80
RandomForestClassifier	0.9261999999999999	0.94054	0.96655	0.011877958578813104	gini			True	(1, 1)					100
RandomForestClassifier	0.9209499999999999	0.9404899999999999	0.96495	0.01269702327319281	gini			False	(1, 1)					80
SVC	0.9172	0.9400299999999999	0.9571000000000001	0.015451605094617201				False	(1, 1)	0.2			poly	
RandomForestClassifier	0.9170499999999999	0.9397549999999999	0.96285	0.013028132061043928	gini			True	(1, 1)					40
RandomForestClassifier	0.9201	0.9393799999999999	0.96485	0.012269987775055025	gini			False	(1, 1)					100
RandomForestClassifier	0.9207500000000001	0.93936	0.9659500000000001	0.011819703887999902	gini			True	(1, 2)					80
RandomForestClassifier	0.92145	0.9393100000000001	0.96255	0.013188551853785929	entropy			True	(1, 1)					40
RandomForestClassifier	0.9228000000000001	0.939255	0.9693	0.012362209551694226	gini			True	(1, 2)					150
LinearSVC	0.9085	0.9390700000000001	0.9568	0.016874006637429058				False	(1, 2)	0.2	hinge			
SVC	0.9086	0.9390699999999998	0.9569	0.016780944550292748				False	(1, 2)	0.2			linear	
SVC	0.9055000000000001	0.9390000000000003	0.9626	0.018251465694568172				True	(1, 1)	0.2			sigmoid	
SVC	0.9104000000000001	0.9389900000000001	0.9612	0.016538709139470344				True	(1, 1)	0.2			rbf	
SVC	0.9134	0.9387399999999999	0.9568	0.013172334645005045				True	(1, 2)	0.2			rbf	
RandomForestClassifier	0.9189999999999999	0.93872	0.96515	0.011751131860378395	gini			True	(1, 2)					100
RandomForestClassifier	0.91995	0.93842	0.9632000000000001	0.012980835874472818	gini			False	(1, 1)					40
SVC	0.9152	0.93811	0.9585	0.014360671989847822				False	(1, 2)	0.2			poly	
MultinomialNB	0.9201	0.9380799999999999	0.9532	0.010916574554318794				False	(1, 2)			1.0		
SVC	0.9122000000000001	0.93803	0.955	0.014698710827824285				False	(1, 1)	1.0			sigmoid	
RandomForestClassifier	0.91715	0.937955	0.9607	0.012424742452059108	entropy			False	(1, 1)					40
SVC	0.9099	0.93743	0.9535	0.015196450243395662				False	(1, 1)	0.8			sigmoid	
LinearSVC	0.9127000000000001	0.9369700000000002	0.9578	0.012455524878542849				True	(1, 1)	10.0	squared_hinge			
MultinomialNB	0.9142	0.9367999999999999	0.9599	0.013744089638822952				True	(1, 1)			1.0		
SVC	0.9074	0.93636	0.9521999999999999	0.015741804216798033				False	(1, 1)	0.7			sigmoid	
RandomForestClassifier	0.9135999999999999	0.9362350000000002	0.9618	0.013004538630801192	gini			True	(1, 2)					40
SVC	0.9174	0.9357700000000001	0.9535	0.012603574889689039				False	(1, 1)	2.0			sigmoid	
SVC	0.9043000000000001	0.9357300000000001	0.9529000000000001	0.016290982168058472				False	(1, 1)	0.5			sigmoid	
LinearSVC	0.9063	0.9356300000000001	0.9524	0.013489258689787204				False	(1, 1)	10.0	squared_hinge			
SVC	0.903	0.9344999999999999	0.9534	0.017284328161661373				False	(1, 2)	0.2			sigmoid	
LinearSVC	0.9004	0.93438	0.953	0.0179994333244133				False	(1, 1)	0.2	hinge			
SVC	0.9003	0.9343300000000001	0.9527	0.01790067317169945				False	(1, 1)	0.2			linear	
SVC	0.9047999999999999	0.93422	0.9555999999999999	0.01813944872370713				False	(1, 1)	0.2			rbf	
SVC	0.9131999999999999	0.9335299999999999	0.9547	0.012113137496123801				True	(1, 1)	10.0			linear	
LinearSVC	0.9131999999999999	0.9335199999999999	0.9547	0.012112291277871431				True	(1, 1)	10.0	hinge			
SVC	0.9027	0.9328299999999998	0.9493	0.01344924161430676				False	(1, 1)	10.0			linear	
LinearSVC	0.9026	0.9328199999999999	0.9494	0.01349146396800586				False	(1, 1)	10.0	hinge			
SVC	0.9032	0.9325699999999999	0.955	0.017001297009346085				False	(1, 2)	0.2			rbf	
MultinomialNB	0.9079	0.93148	0.9558	0.014893206504980697				False	(1, 1)			1.0		
LinearSVC	0.905	0.9314199999999999	0.9533	0.013368754616642496				True	(1, 1)	100.0	squared_hinge			
SVC	0.9026000000000001	0.9300999999999998	0.9527	0.014034457595504				True	(1, 1)	100.0			linear	
LinearSVC	0.9027000000000001	0.93008	0.9527	0.013939067400654892				True	(1, 1)	100.0	hinge			
MultinomialNB	0.9073	0.92873	0.9479	0.011105858814157514				False	(1, 1)			0.01		
SVC	0.8899	0.92729	0.9465000000000001	0.01810864158350925				False	(1, 1)	0.2			sigmoid	
LinearSVC	0.8916000000000001	0.9266100000000002	0.9462	0.016205705785309058				False	(1, 1)	100.0	squared_hinge			
LinearSVC	0.8871000000000001	0.9234100000000002	0.9438	0.016629398666217588				False	(1, 1)	100.0	hinge			
SVC	0.8872	0.9233	0.9437	0.01648302156766169				False	(1, 1)	100.0			linear	
MultinomialNB	0.8988	0.9182799999999999	0.9408	0.011911406298166475				True	(1, 1)			0.01		
MultinomialNB	0.8974	0.91799	0.9405	0.011363049766677973				False	(1, 1)			0.001		
RandomForestClassifier	0.8916	0.91723	0.9391	0.017382666653882585	gini	5	sqrt	False	(1, 2)					150
RandomForestClassifier	0.8904000000000001	0.9167200000000001	0.93885	0.013616960013160054	entropy	5	auto	False	(1, 2)					100
RandomForestClassifier	0.8951	0.9165050000000001	0.9385500000000001	0.014556535473800095	entropy	5	auto	True	(1, 2)					150
RandomForestClassifier	0.87785	0.91639	0.9409	0.019977409742006076	entropy	5	sqrt	False	(1, 2)					150
RandomForestClassifier	0.8892	0.91632	0.9375	0.015674935406565497	entropy	5	sqrt	False	(1, 2)					100
RandomForestClassifier	0.8905	0.915595	0.942	0.015832726391875784	entropy	5	sqrt	True	(1, 2)					150
RandomForestClassifier	0.8735999999999999	0.9153649999999999	0.9444	0.023051833441182088	gini	5	sqrt	True	(1, 2)					150
RandomForestClassifier	0.87915	0.9145900000000001	0.9381499999999999	0.01805247628443257	entropy	5	auto	False	(1, 1)					150
RandomForestClassifier	0.8908	0.914515	0.93145	0.012856886287122553	gini	5	10	True	(1, 1)					150
RandomForestClassifier	0.8866499999999999	0.91378	0.95435	0.022394823062484786	entropy	5	auto	False	(1, 1)					100
RandomForestClassifier	0.8822	0.91364	0.9442	0.01778139195901155	entropy	5	sqrt	False	(1, 1)					150
RandomForestClassifier	0.8719	0.9135200000000001	0.9413	0.022170015787094068	gini	5	sqrt	False	(1, 1)					150
RandomForestClassifier	0.88465	0.91326	0.9414	0.01676391660680759	entropy	5	sqrt	True	(1, 1)					100
RandomForestClassifier	0.8765999999999999	0.9132150000000001	0.9416	0.02042390817155229	gini	5	auto	False	(1, 2)					150
RandomForestClassifier	0.88025	0.91318	0.94005	0.020880399900385066	entropy	5	log2	False	(1, 1)					150
RandomForestClassifier	0.8715999999999999	0.91286	0.9373	0.021984185224838346	gini	5	10	False	(1, 1)					150
RandomForestClassifier	0.88555	0.912825	0.92555	0.012690099487395677	entropy	5	log2	True	(1, 2)					150
RandomForestClassifier	0.8912	0.9126099999999999	0.9398	0.01709568366576779	entropy	5	10	False	(1, 1)					150
RandomForestClassifier	0.8820999999999999	0.9126	0.9446000000000001	0.01861046748472486	entropy	5	auto	True	(1, 1)					150
RandomForestClassifier	0.8848499999999999	0.91224	0.9471	0.018710221805205856	gini	5	auto	False	(1, 2)					100
RandomForestClassifier	0.8832	0.9120050000000001	0.93635	0.018646574082120306	entropy	5	sqrt	True	(1, 1)					150
RandomForestClassifier	0.8731	0.9119249999999999	0.9512	0.02214380556724614	gini	5	auto	False	(1, 1)					100
RandomForestClassifier	0.87715	0.91152	0.9466	0.02051567936969186	entropy	5	auto	False	(1, 2)					150
RandomForestClassifier	0.8714999999999999	0.9114650000000001	0.9306	0.016897914812189104	gini	5	auto	False	(1, 2)					80
RandomForestClassifier	0.8734	0.91141	0.9412	0.017515775746452134	entropy	5	sqrt	False	(1, 1)					80
RandomForestClassifier	0.8851	0.9112899999999999	0.9368	0.017244532466842908	gini	5	auto	True	(1, 1)					100
SVC	0.8928	0.91121	0.929	0.011535982836325648				True	(1, 1)	10.0			sigmoid	
RandomForestClassifier	0.8881	0.9111499999999999	0.929	0.014380820560732966	gini	5	sqrt	True	(1, 1)					150
RandomForestClassifier	0.8839	0.9108049999999999	0.9470500000000001	0.01933435349319962	entropy	5	sqrt	False	(1, 1)					100
RandomForestClassifier	0.89225	0.9105300000000002	0.9439500000000001	0.01654837152108932	entropy	5	auto	True	(1, 2)					80
RandomForestClassifier	0.8795	0.910515	0.944	0.019230055252130705	gini	5	auto	True	(1, 2)					150
RandomForestClassifier	0.88435	0.9104599999999999	0.94335	0.019327477848907246	gini	5	auto	True	(1, 2)					80
RandomForestClassifier	0.8819	0.910435	0.9361499999999999	0.018646220126341945	entropy	5	auto	False	(1, 1)					80
RandomForestClassifier	0.8829999999999999	0.9102500000000001	0.9389500000000001	0.01657787682424986	gini	5	sqrt	True	(1, 2)					80
RandomForestClassifier	0.8785	0.9100900000000001	0.9407	0.019373071516927815	entropy	5	log2	True	(1, 1)					150
RandomForestClassifier	0.8875500000000001	0.9100699999999999	0.9324	0.017203883282561533	entropy	5	sqrt	True	(1, 2)					80
RandomForestClassifier	0.8764	0.9099300000000001	0.9358000000000001	0.016665611299919374	gini	5	10	True	(1, 1)					100
RandomForestClassifier	0.87035	0.909615	0.9356500000000001	0.020627155038928667	gini	5	auto	False	(1, 1)					80
RandomForestClassifier	0.8876999999999999	0.9093750000000002	0.9363	0.01675474932668348	gini	5	auto	False	(1, 1)					150
RandomForestClassifier	0.876	0.9090849999999999	0.9324999999999999	0.017586586507904258	gini	5	auto	True	(1, 1)					150
RandomForestClassifier	0.8809	0.9089050000000001	0.93235	0.01669915342165584	gini	5	sqrt	True	(1, 2)					100
RandomForestClassifier	0.8755999999999999	0.9088350000000001	0.9287	0.015763360206504217	entropy	5	sqrt	False	(1, 2)					80
RandomForestClassifier	0.8799	0.9087299999999999	0.93185	0.01751797933552837	gini	5	sqrt	False	(1, 1)					100
RandomForestClassifier	0.8829999999999999	0.9084249999999999	0.93855	0.017129276838208904	entropy	5	auto	True	(1, 2)					100
RandomForestClassifier	0.88915	0.9083500000000001	0.9418	0.01618133183640952	entropy	5	10	False	(1, 1)					100
RandomForestClassifier	0.8819	0.90831	0.9291499999999999	0.016929645595817996	gini	5	sqrt	False	(1, 2)					100
RandomForestClassifier	0.8735499999999999	0.907465	0.9323	0.0182194957394545	entropy	5	auto	False	(1, 2)					80
RandomForestClassifier	0.8757	0.90737	0.9358500000000001	0.019659504062920826	entropy	5	auto	True	(1, 1)					80
RandomForestClassifier	0.8887999999999999	0.9065800000000002	0.9263	0.012870532234527065	entropy	5	sqrt	True	(1, 2)					100
RandomForestClassifier	0.8785000000000001	0.906545	0.93325	0.01776575990494073	gini	5	auto	True	(1, 2)					100
RandomForestClassifier	0.8829000000000001	0.9064599999999998	0.9392	0.020751539701911258	gini	5	log2	False	(1, 1)					150
RandomForestClassifier	0.8823500000000001	0.906315	0.93455	0.018904960327913892	entropy	5	10	True	(1, 1)					150
RandomForestClassifier	0.87695	0.9060050000000001	0.9264	0.016468309718972382	entropy	5	auto	True	(1, 1)					100
RandomForestClassifier	0.8596	0.905945	0.93325	0.020588424539046208	gini	5	sqrt	False	(1, 2)					40
RandomForestClassifier	0.86985	0.9058100000000001	0.92765	0.019951751802786646	gini	5	sqrt	True	(1, 1)					80
RandomForestClassifier	0.8579	0.9057350000000002	0.9391	0.02209937838492295	gini	5	auto	True	(1, 1)					80
RandomForestClassifier	0.8832500000000001	0.9056	0.93105	0.016953126555299486	gini	5	sqrt	False	(1, 2)					80
RandomForestClassifier	0.87375	0.9053800000000001	0.9303	0.018653018522480493	gini	5	sqrt	True	(1, 1)					100
RandomForestClassifier	0.8763500000000001	0.9050750000000001	0.94715	0.01942698188087899	entropy	5	sqrt	True	(1, 1)					80
RandomForestClassifier	0.8711	0.904875	0.9389	0.019374290309582945	gini	5	sqrt	False	(1, 1)					80
RandomForestClassifier	0.88355	0.904865	0.9347000000000001	0.017136234271274458	entropy	5	log2	False	(1, 1)					100
RandomForestClassifier	0.85805	0.9045949999999999	0.9298	0.02240237096827029	entropy	5	log2	False	(1, 2)					150
RandomForestClassifier	0.87625	0.9045400000000001	0.9350499999999999	0.018362213918806186	gini	5	log2	False	(1, 1)					80
RandomForestClassifier	0.8709500000000001	0.9040050000000001	0.9412	0.02150315616368907	gini	5	log2	True	(1, 2)					150
RandomForestClassifier	0.86895	0.903975	0.9422	0.024752244847690084	gini	5	log2	True	(1, 1)					150
RandomForestClassifier	0.8799	0.90323	0.9297000000000001	0.011924705447095977	entropy	5	auto	False	(1, 2)					40
RandomForestClassifier	0.88255	0.902395	0.9344	0.017931222072128817	gini	5	log2	True	(1, 1)					100
RandomForestClassifier	0.8539500000000001	0.9016100000000001	0.94785	0.02445992436619538	gini	5	sqrt	False	(1, 1)					40
RandomForestClassifier	0.8668	0.901435	0.95285	0.024051289466471424	entropy	5	log2	True	(1, 1)					100
MultinomialNB	0.8788999999999999	0.9014	0.9251	0.013041472309520913				True	(1, 1)			0.001		
RandomForestClassifier	0.86525	0.901165	0.9349	0.02335176706375772	entropy	5	log2	False	(1, 1)					80
RandomForestClassifier	0.8650000000000001	0.9004249999999999	0.9228	0.01859884741052518	gini	5	auto	False	(1, 1)					40
RandomForestClassifier	0.8669	0.9002999999999999	0.9400000000000001	0.020510460745678066	gini	5	log2	False	(1, 1)					100
RandomForestClassifier	0.868	0.9002649999999999	0.9315	0.02285345761586199	entropy	5	auto	False	(1, 1)					40
RandomForestClassifier	0.8755	0.90008	0.9236500000000001	0.015179808957954658	gini	5	log2	False	(1, 2)					150
RandomForestClassifier	0.8733500000000001	0.899535	0.9288	0.017967332161453447	gini	5	sqrt	True	(1, 2)					40
RandomForestClassifier	0.86585	0.8995249999999999	0.9405	0.021270604716368546	gini	5		False	(1, 1)					150
RandomForestClassifier	0.8748	0.8995249999999999	0.91745	0.015921593042155017	entropy	5	10	False	(1, 2)					150
RandomForestClassifier	0.8600000000000001	0.8991349999999999	0.9387500000000001	0.02017131688809631	gini	5		False	(1, 2)					150
RandomForestClassifier	0.85275	0.898955	0.92885	0.024724961577320986	entropy	5	sqrt	False	(1, 2)					40
RandomForestClassifier	0.8576	0.8988999999999999	0.925	0.01947396980587163	gini	5	10	False	(1, 2)					150
RandomForestClassifier	0.8761	0.8985749999999999	0.9217000000000001	0.018773655078327185	gini	5	10	True	(1, 2)					150
RandomForestClassifier	0.8691	0.8982600000000002	0.9363	0.018007329063467477	gini	5		False	(1, 1)					80
RandomForestClassifier	0.87385	0.8981299999999998	0.9259499999999999	0.015393183556366725	entropy	5	sqrt	True	(1, 2)					40
RandomForestClassifier	0.84415	0.89795	0.9371999999999999	0.026514844898660052	gini	5	10	False	(1, 1)					100
RandomForestClassifier	0.8866499999999999	0.8979149999999999	0.9187000000000001	0.011196741713552207	entropy	5	sqrt	False	(1, 1)					40
RandomForestClassifier	0.8740000000000001	0.897345	0.9316	0.015536367818766375	gini	5	auto	True	(1, 1)					40
RandomForestClassifier	0.8521	0.8972449999999998	0.93425	0.021535255396674533	gini	5		False	(1, 2)					100
RandomForestClassifier	0.86365	0.8971699999999998	0.9361499999999999	0.02034484209818301	gini	5		False	(1, 2)					80
RandomForestClassifier	0.8533	0.8968449999999999	0.92625	0.02326228116501047	gini	5	auto	True	(1, 2)					40
SVC	0.8606	0.89674	0.9325	0.023689499783659432				False	(1, 2)	100.0			sigmoid	
RandomForestClassifier	0.87055	0.8959999999999999	0.9139	0.01315465697006197	gini	5	log2	True	(1, 2)					100
RandomForestClassifier	0.85805	0.8956799999999999	0.93835	0.021682806552658265	gini	5		False	(1, 1)					100
RandomForestClassifier	0.8539	0.8956200000000001	0.9197	0.02097909912269828	entropy	5	auto	True	(1, 1)					40
RandomForestClassifier	0.8330000000000001	0.89552	0.9371	0.02831584538734451	entropy	5	sqrt	True	(1, 1)					40
RandomForestClassifier	0.8535999999999999	0.8951550000000001	0.93595	0.023052293269867963	gini	5		True	(1, 1)					150
RandomForestClassifier	0.8736999999999999	0.89502	0.91755	0.0126841278769965	entropy	5	log2	True	(1, 1)					80
RandomForestClassifier	0.8664499999999999	0.89496	0.9198999999999999	0.019995384467421485	gini	5	log2	True	(1, 1)					80
RandomForestClassifier	0.8499	0.894535	0.94265	0.02634061550154056	gini	5	sqrt	True	(1, 1)					40
SVC	0.8766999999999999	0.8945299999999999	0.9169999999999998	0.011707266973978154				False	(1, 1)	10.0			sigmoid	
RandomForestClassifier	0.85475	0.8944350000000002	0.9287500000000001	0.021038180173199392	gini	5		False	(1, 1)					40
RandomForestClassifier	0.855	0.8940850000000001	0.9395	0.023862167231833743	gini	5		True	(1, 1)					80
RandomForestClassifier	0.84595	0.8940750000000002	0.9357	0.023518495381295114	gini	5		False	(1, 2)					40
RandomForestClassifier	0.8539	0.8939450000000001	0.9306500000000001	0.0215516640888819	gini	5		True	(1, 1)					100
RandomForestClassifier	0.87275	0.89391	0.9098499999999999	0.013789902102625684	entropy	5	10	False	(1, 1)					80
RandomForestClassifier	0.8579	0.8937999999999999	0.9153	0.018066737392235504	gini	5	auto	False	(1, 2)					40
RandomForestClassifier	0.8514499999999999	0.893135	0.9123999999999999	0.019272169701411417	gini	5	10	False	(1, 1)					80
RandomForestClassifier	0.8373499999999999	0.8929449999999999	0.9405	0.026532324153756323	entropy	5		False	(1, 2)					100
RandomForestClassifier	0.84765	0.892775	0.9203499999999999	0.02031822150189333	entropy	5	10	True	(1, 1)					80
RandomForestClassifier	0.8531	0.8923699999999999	0.93565	0.02486486678025844	entropy	5	auto	True	(1, 2)					40
RandomForestClassifier	0.8606999999999999	0.891745	0.93295	0.021846869913101977	entropy	5	log2	False	(1, 2)					100
RandomForestClassifier	0.86725	0.8917349999999999	0.9437000000000001	0.019672900777465467	entropy	5	log2	False	(1, 2)					80
RandomForestClassifier	0.8481000000000001	0.89137	0.93515	0.021222290168593953	gini	5		True	(1, 2)					150
SVC	0.8674999999999999	0.89124	0.9133	0.015411826627625965				True	(1, 2)	100.0			sigmoid	
RandomForestClassifier	0.8424	0.8911749999999999	0.93105	0.023227303437980053	entropy	5		False	(1, 2)					150
RandomForestClassifier	0.8480000000000001	0.891135	0.9231	0.021779153450031036	entropy	5		False	(1, 1)					100
RandomForestClassifier	0.84685	0.89103	0.92505	0.02238239486739523	entropy	5		True	(1, 1)					100
RandomForestClassifier	0.85545	0.89056	0.93115	0.020233447555965352	entropy	5		False	(1, 2)					80
RandomForestClassifier	0.8609	0.890395	0.9205000000000001	0.016685659261773293	entropy	5	10	True	(1, 2)					150
RandomForestClassifier	0.8435	0.89014	0.91845	0.021114317417335556	gini	5		True	(1, 1)					40
RandomForestClassifier	0.86875	0.8901200000000001	0.9063	0.013497540516701555	entropy	5	log2	True	(1, 2)					100
RandomForestClassifier	0.84005	0.8900300000000001	0.9317500000000001	0.022639105547702213	gini	5		True	(1, 2)					80
RandomForestClassifier	0.8504	0.890015	0.92735	0.02017550556987358	gini	5		True	(1, 2)					100
RandomForestClassifier	0.84685	0.890005	0.9228999999999999	0.020471497868988466	entropy	5		True	(1, 1)					150
RandomForestClassifier	0.86155	0.88927	0.92365	0.017166030408920955	entropy	5	10	False	(1, 2)					100
RandomForestClassifier	0.8436999999999999	0.889085	0.9378	0.023093018966778702	gini	5		True	(1, 2)					40
RandomForestClassifier	0.8458499999999999	0.8886499999999999	0.92515	0.027151040495715845	gini	5	log2	False	(1, 2)					100
RandomForestClassifier	0.8398	0.8885500000000001	0.9285	0.023981034172862518	entropy	5		False	(1, 2)					40
RandomForestClassifier	0.84055	0.8882450000000001	0.93005	0.023284033692640118	entropy	5		False	(1, 1)					80
RandomForestClassifier	0.85425	0.8882399999999999	0.9209499999999999	0.021280834100194473	entropy	5		True	(1, 1)					80
RandomForestClassifier	0.8455	0.888185	0.9178499999999999	0.020959461467318263	gini	5	10	True	(1, 1)					80
RandomForestClassifier	0.8423999999999999	0.8881600000000001	0.9282	0.02569060917923124	entropy	5		False	(1, 1)					150
RandomForestClassifier	0.83965	0.887945	0.9396500000000001	0.02582852541280668	entropy	5		True	(1, 2)					150
RandomForestClassifier	0.859	0.8873850000000001	0.9293	0.021720394218337744	entropy	5	10	True	(1, 1)					100
RandomForestClassifier	0.8338500000000001	0.8871249999999999	0.935	0.02581795160348705	entropy	5		True	(1, 2)					80
RandomForestClassifier	0.83685	0.8859049999999999	0.92515	0.02619034602673283	entropy	5		False	(1, 1)					40
RandomForestClassifier	0.83815	0.8854000000000001	0.9264	0.022857449551513843	entropy	5		True	(1, 2)					40
RandomForestClassifier	0.8524999999999999	0.8840299999999999	0.91225	0.017689985867716244	gini	5	log2	False	(1, 2)					80
RandomForestClassifier	0.83135	0.8832600000000002	0.926	0.024458851158629676	entropy	5		True	(1, 2)					100
RandomForestClassifier	0.8676	0.8831899999999999	0.9081	0.010990946274093057	entropy	5	10	True	(1, 2)					100
RandomForestClassifier	0.8408	0.8822249999999998	0.9183	0.021739621086854295	gini	5	log2	False	(1, 1)					40
RandomForestClassifier	0.8361999999999999	0.8799399999999998	0.9126	0.024099292520735994	entropy	5		True	(1, 1)					40
SVC	0.8207	0.8791399999999999	0.9066000000000001	0.025554342096794434				True	(1, 1)	100.0			sigmoid	
RandomForestClassifier	0.84675	0.8790250000000001	0.9122999999999999	0.020411715386022787	gini	5	10	False	(1, 2)					100
RandomForestClassifier	0.82555	0.87637	0.9369	0.02754060819952965	entropy	5	log2	False	(1, 1)					40
RandomForestClassifier	0.8477	0.8752699999999999	0.9127	0.020444512711238674	gini	5	10	True	(1, 2)					100
RandomForestClassifier	0.8234500000000001	0.8724449999999999	0.90645	0.024874760802870037	entropy	5	10	True	(1, 2)					80
RandomForestClassifier	0.8350000000000001	0.8708899999999999	0.9073	0.02154382510140664	gini	5	10	False	(1, 2)					80
RandomForestClassifier	0.8403499999999999	0.8681099999999999	0.8911	0.016923604816941346	gini	5	log2	True	(1, 2)					80
RandomForestClassifier	0.8248	0.8680249999999999	0.90435	0.024273259463862707	entropy	5	10	False	(1, 1)					40
RandomForestClassifier	0.8341999999999999	0.8678800000000001	0.90165	0.021667177942685564	gini	5	log2	True	(1, 1)					40
RandomForestClassifier	0.8314499999999999	0.8647749999999998	0.9028	0.02183954269209868	entropy	5	10	False	(1, 2)					80
RandomForestClassifier	0.8047000000000001	0.8647199999999999	0.90395	0.028679916317869546	gini	5	10	False	(1, 1)					40
RandomForestClassifier	0.8290500000000001	0.86409	0.8922	0.02027707819188944	entropy	5	log2	True	(1, 1)					40
RandomForestClassifier	0.8183	0.8638199999999999	0.90275	0.028189964526405493	gini	5	10	True	(1, 2)					80
RandomForestClassifier	0.8400500000000001	0.85931	0.9046000000000001	0.01834277514445404	entropy	5	log2	True	(1, 2)					80
SVC	0.8236	0.85686	0.8865	0.0184572045554033				False	(1, 1)	100.0			sigmoid	
RandomForestClassifier	0.7892	0.8548500000000001	0.9029499999999999	0.038414248658538125	entropy	5	10	True	(1, 1)					40
RandomForestClassifier	0.7855	0.8544599999999999	0.89735	0.033371393438093054	gini	5	10	True	(1, 1)					40
RandomForestClassifier	0.8029000000000001	0.84662	0.9057999999999999	0.028939490320321802	gini	5	log2	False	(1, 2)					40
RandomForestClassifier	0.80245	0.837495	0.8864	0.02325366046453761	entropy	5	10	False	(1, 2)					40
treeClassifier	0.81	0.836	0.88	0.021886068628239278	entropy			True	(1, 1)					
treeClassifier	0.8150000000000001	0.835	0.855	0.01244989959798871	gini			False	(1, 2)					
treeClassifier	0.7888999999999999	0.83341	0.8691	0.025365082298309246	gini	5		False	(1, 2)					
treeClassifier	0.78	0.8320000000000001	0.88	0.030430248109405866	entropy			False	(1, 1)					
treeClassifier	0.78765	0.8307399999999999	0.87515	0.03172254561033843	gini	5		False	(1, 1)					
treeClassifier	0.7950000000000002	0.8300000000000001	0.865	0.02291287847477918	gini			True	(1, 2)					
treeClassifier	0.7566	0.8290599999999999	0.8689	0.036245653532527164	gini	5		True	(1, 2)					
RandomForestClassifier	0.763	0.829045	0.8808999999999999	0.04000152778332343	entropy	5	log2	False	(1, 2)					40
treeClassifier	0.7749999999999999	0.8285	0.855	0.020862646045025076	entropy			False	(1, 2)					
treeClassifier	0.7999999999999999	0.8264999999999999	0.855	0.018980252896102313	gini			True	(1, 1)					
RandomForestClassifier	0.78745	0.8261800000000001	0.85275	0.019596596643294977	gini	5	log2	True	(1, 2)					40
treeClassifier	0.765	0.825	0.8800000000000001	0.02958039891549809	gini			False	(1, 1)					
treeClassifier	0.78295	0.82426	0.8694	0.02932555881820496	gini	5		True	(1, 1)					
treeClassifier	0.8	0.8240000000000001	0.8549999999999999	0.017291616465790555	entropy			True	(1, 2)					
treeClassifier	0.7858499999999999	0.822575	0.8592500000000001	0.028279995137906237	entropy	5		False	(1, 1)					
RandomForestClassifier	0.7853	0.81713	0.856	0.022887225694697016	entropy	5	log2	True	(1, 2)					40
treeClassifier	0.7759499999999999	0.8146950000000001	0.8607999999999999	0.029144437290845066	entropy	5		True	(1, 2)					
RandomForestClassifier	0.74685	0.814105	0.8596	0.032568062960513934	gini	5	10	False	(1, 2)					40
treeClassifier	0.77	0.8140000000000001	0.88	0.03088689042296099	entropy		sqrt	True	(1, 1)					
treeClassifier	0.7775000000000001	0.8122349999999999	0.8541	0.02396398391336463	entropy	5		True	(1, 1)					
treeClassifier	0.77	0.8105	0.86	0.02970269348055828	gini		sqrt	False	(1, 1)					
treeClassifier	0.76	0.8089999999999999	0.86	0.029647934160747184	gini		sqrt	True	(1, 1)					
RandomForestClassifier	0.6885	0.8087799999999999	0.8659499999999999	0.051148739964929725	gini	5	10	True	(1, 2)					40
treeClassifier	0.7716000000000001	0.80777	0.83595	0.024559847312228943	entropy	5		False	(1, 2)					
treeClassifier	0.765	0.8065	0.8400000000000001	0.028376927247325445	gini		sqrt	False	(1, 2)					
treeClassifier	0.74	0.805	0.84	0.02549509756796392	entropy		sqrt	False	(1, 2)					
treeClassifier	0.7699999999999999	0.804	0.83	0.02083266665599966	gini		auto	False	(1, 2)					
treeClassifier	0.78	0.8034999999999999	0.845	0.020006249023742533	entropy		auto	True	(1, 1)					
treeClassifier	0.735	0.8025	0.855	0.040015621949433706	entropy		auto	False	(1, 2)					
treeClassifier	0.765	0.8019999999999999	0.835	0.025317977802344304	gini		auto	False	(1, 1)					
treeClassifier	0.735	0.8015000000000001	0.86	0.03317001658124397	gini		auto	True	(1, 2)					
treeClassifier	0.76	0.8015000000000001	0.8549999999999999	0.02480423350962489	entropy		auto	False	(1, 1)					
treeClassifier	0.765	0.8015000000000001	0.8250000000000001	0.017895530168173305	entropy		sqrt	True	(1, 2)					
treeClassifier	0.755	0.7965	0.83	0.02313547060251853	entropy		10	False	(1, 1)					
treeClassifier	0.74	0.796	0.875	0.0350570962859162	gini		sqrt	True	(1, 2)					
treeClassifier	0.72	0.796	0.8350000000000001	0.030643106892089128	entropy		auto	True	(1, 2)					
treeClassifier	0.755	0.7950000000000002	0.8400000000000001	0.02598076211353317	entropy		sqrt	False	(1, 1)					
treeClassifier	0.765	0.795	0.83	0.01565247584249851	gini		auto	True	(1, 1)					
RandomForestClassifier	0.68725	0.7941749999999999	0.8552000000000001	0.05285425834310799	entropy	5	10	True	(1, 2)					40
treeClassifier	0.765	0.794	0.825	0.015937377450509188	entropy		log2	False	(1, 1)					
treeClassifier	0.7550000000000001	0.7929999999999999	0.84	0.02917190429162961	entropy		10	False	(1, 2)					
treeClassifier	0.75	0.7905	0.83	0.024438698819699862	gini		log2	False	(1, 2)					
treeClassifier	0.75	0.789	0.8400000000000001	0.03006659275674581	gini		10	True	(1, 2)					
treeClassifier	0.7549999999999999	0.788	0.83	0.021000000000000015	entropy		10	True	(1, 1)					
treeClassifier	0.73	0.7859999999999999	0.84	0.034985711369071776	gini		10	False	(1, 1)					
treeClassifier	0.745	0.7855	0.8400000000000001	0.03869431482789173	gini		log2	True	(1, 1)					
treeClassifier	0.7249999999999999	0.7855	0.855	0.032283896914715886	gini		10	False	(1, 2)					
treeClassifier	0.7249999999999999	0.7849999999999999	0.835	0.03263433774416145	entropy		log2	True	(1, 1)					
treeClassifier	0.74	0.7845	0.835	0.02867490191787935	entropy		10	True	(1, 2)					
treeClassifier	0.7350000000000001	0.7834999999999999	0.8249999999999998	0.02530316185775993	entropy		log2	False	(1, 2)					
treeClassifier	0.6950000000000001	0.7725000000000001	0.84	0.041185555720422165	entropy		log2	True	(1, 2)					
treeClassifier	0.705	0.7719999999999999	0.8150000000000001	0.03257299494980465	gini		10	True	(1, 1)					
treeClassifier	0.73	0.7715	0.82	0.02837692724732541	gini		log2	True	(1, 2)					
treeClassifier	0.7250000000000001	0.771	0.8200000000000001	0.0332264954516723	gini		log2	False	(1, 1)					
treeClassifier	0.55	0.6650349999999999	0.7227999999999999	0.04834335037003536	gini	5	auto	True	(1, 1)					
treeClassifier	0.57725	0.6565049999999999	0.75405	0.04741849032814097	entropy	5	sqrt	False	(1, 1)					
treeClassifier	0.5728	0.65635	0.7656499999999999	0.05367644734890712	gini	5	sqrt	False	(1, 1)					
treeClassifier	0.60295	0.64962	0.7337	0.045321386783724965	entropy	5	auto	True	(1, 1)					
treeClassifier	0.55945	0.645505	0.7555000000000001	0.06972910242502771	entropy	5	auto	False	(1, 1)					
treeClassifier	0.5802499999999999	0.6440699999999999	0.7085999999999999	0.03977664012960369	entropy	5	sqrt	True	(1, 1)					
treeClassifier	0.5765	0.643955	0.73025	0.05068260278438747	gini	5	auto	False	(1, 2)					
treeClassifier	0.57255	0.6367649999999999	0.7043000000000001	0.03981983205640128	gini	5	auto	False	(1, 1)					
treeClassifier	0.5495000000000001	0.6330850000000001	0.7269	0.05821488233261317	gini	5	sqrt	False	(1, 2)					
treeClassifier	0.5773999999999999	0.6319049999999999	0.6773	0.032834025415717775	entropy	5	auto	False	(1, 2)					
treeClassifier	0.53465	0.625215	0.73095	0.06610686443176687	gini	5	sqrt	True	(1, 1)					
treeClassifier	0.54355	0.6163299999999999	0.6922999999999999	0.05670417621304449	entropy	5	sqrt	False	(1, 2)					
treeClassifier	0.5377	0.613105	0.6661	0.04152854108923167	gini	5	auto	True	(1, 2)					
treeClassifier	0.5352	0.612595	0.6957500000000001	0.0538111022466554	entropy	5	auto	True	(1, 2)					
treeClassifier	0.5424500000000001	0.5969300000000001	0.7229500000000001	0.05752495632332109	gini	5	sqrt	True	(1, 2)					
treeClassifier	0.45955	0.5837950000000001	0.71865	0.06914278143812269	entropy	5	sqrt	True	(1, 2)					
treeClassifier	0.5049	0.574275	0.7457500000000001	0.07276402356247216	gini	5	log2	True	(1, 1)					
treeClassifier	0.5151	0.565455	0.66665	0.04421002403301765	entropy	5	log2	True	(1, 1)					
treeClassifier	0.5	0.5623999999999999	0.66665	0.059627782953921724	entropy	5	log2	False	(1, 1)					
treeClassifier	0.5	0.555045	0.7146	0.07322676235502974	gini	5	10	True	(1, 1)					
treeClassifier	0.4800000000000001	0.5511099999999999	0.6436	0.04885890297581391	gini	5	log2	False	(1, 1)					
treeClassifier	0.49979999999999997	0.54806	0.65775	0.046087990843602614	entropy	5	10	True	(1, 1)					
treeClassifier	0.5001	0.533755	0.6278999999999999	0.039717775932194374	entropy	5	10	False	(1, 1)					
treeClassifier	0.49995	0.531095	0.6387499999999999	0.038978977988141233	gini	5	log2	True	(1, 2)					
treeClassifier	0.505	0.530325	0.6	0.028948274991784914	entropy	5	log2	True	(1, 2)					
treeClassifier	0.505	0.52941	0.5756	0.024812666120350695	gini	5	10	False	(1, 1)					
treeClassifier	0.49479999999999996	0.523855	0.62435	0.03629047705666046	entropy	5	10	False	(1, 2)					
treeClassifier	0.505	0.52042	0.555	0.01831408201357634	gini	5	10	False	(1, 2)					
treeClassifier	0.5	0.51989	0.5842	0.02546100744275451	entropy	5	10	True	(1, 2)					
treeClassifier	0.49	0.5124799999999999	0.575	0.02282226106239256	gini	5	10	True	(1, 2)					
treeClassifier	0.4901	0.5123399999999999	0.5589999999999999	0.018693659352839384	entropy	5	log2	False	(1, 2)					
treeClassifier	0.49994999999999995	0.511425	0.52945	0.011095702997106585	gini	5	log2	False	(1, 2)					
